{
  "evaluation_summary": {
    "model_parameters": 1805571,
    "num_generated_samples": 1000,
    "num_original_samples": 1000
  },
  "entropy_comparison": {
    "original_mean": 0.9944006111028121,
    "original_std": 0.007629005877900709,
    "generated_mean": 0.9943130227457221,
    "generated_std": 0.007746293571338034,
    "mean_difference": 8.758835708999602e-05
  },
  "bit_distribution": {
    "original": {
      "1": 63358,
      "0": 63642
    },
    "generated": {
      "0": 64767,
      "1": 62233
    }
  },
  "run_length_comparison_mean": {
    "original_0_run": 1.9998114630467572,
    "generated_0_run": 2.0316509300793624,
    "original_1_run": 1.9923272853054936,
    "generated_1_run": 1.9498386439828306
  },
  "top_10_patterns": {
    "bigrams": {
      "original": [
        [
          "00",
          31818
        ],
        [
          "11",
          31557
        ],
        [
          "01",
          31315
        ],
        [
          "10",
          31310
        ]
      ],
      "generated": [
        [
          "00",
          32888
        ],
        [
          "10",
          31405
        ],
        [
          "01",
          31391
        ],
        [
          "11",
          30316
        ]
      ]
    },
    "trigrams": {
      "original": [
        [
          "000",
          15944
        ],
        [
          "111",
          15721
        ],
        [
          "001",
          15625
        ],
        [
          "100",
          15613
        ],
        [
          "011",
          15592
        ],
        [
          "110",
          15569
        ],
        [
          "010",
          15499
        ],
        [
          "101",
          15437
        ]
      ],
      "generated": [
        [
          "000",
          16569
        ],
        [
          "001",
          16078
        ],
        [
          "100",
          16062
        ],
        [
          "010",
          15878
        ],
        [
          "011",
          15250
        ],
        [
          "110",
          15250
        ],
        [
          "101",
          15096
        ],
        [
          "111",
          14817
        ]
      ]
    }
  }
}